{
  "full_model": {
    "config": {
      "name": "full_model",
      "use_positional_encoding": true,
      "description": "Full Model（with PE）"
    },
    "metrics": {
      "train_losses": [
        3.8382736111344964,
        2.5920022505398452,
        2.091576828923719,
        1.7588034399624528,
        1.5170458595012797,
        1.3311790722814099,
        1.1850192528428702,
        1.0595359152432147,
        0.8850782241163583,
        0.8149573554334969,
        0.7634327947024642,
        0.7214745101928711,
        0.6840963815491775,
        0.6525241482504482,
        0.625059960431066,
        0.5980113825962461,
        0.5393368249432794,
        0.5160238272568275,
        0.5006566811265617,
        0.48761332696059656,
        0.4758748489577195,
        0.4660966435136466,
        0.45491879453330203,
        0.4482943339841119,
        0.4244018443535114
      ],
      "val_losses": [
        2.83203647169606,
        2.273913682565181,
        1.9884601796167136,
        1.818045042440501,
        1.7048875330938156,
        1.6486096955850515,
        1.5935618157922868,
        1.5896954922045947,
        1.53872579841689,
        1.5416332222300875,
        1.546526587221044,
        1.5558723171316895,
        1.5628059582832532,
        1.5741549911348542,
        1.5944930157482742,
        1.5997776467889488,
        1.5993255788287704,
        1.6031052026993189,
        1.6139163632364668,
        1.6240167899950015,
        1.6337332339916943,
        1.6426223739834698,
        1.6519249120407555,
        1.6614473293989132,
        1.663912221995096
      ],
      "val_ppls": [
        16.980005264282227,
        9.71735668182373,
        7.3042778968811035,
        6.159804344177246,
        5.500766754150391,
        5.199745178222656,
        4.92124605178833,
        4.902255535125732,
        4.658650875091553,
        4.672214984893799,
        4.695133686065674,
        4.739218711853027,
        4.772193431854248,
        4.826661109924316,
        4.925831317901611,
        4.951931476593018,
        4.949692726135254,
        4.968436241149902,
        5.022442817687988,
        5.073428153991699,
        5.122964382171631,
        5.168705940246582,
        5.217012882232666,
        5.266928195953369,
        5.279926300048828
      ],
      "best_val_loss": 1.53872579841689,
      "final_val_ppl": 5.279926300048828,
      "model_config": {
        "d_model": 256,
        "n_layers": 3,
        "n_heads": 4,
        "d_ff": 512,
        "max_seq_len": 64,
        "dropout": 0.1
      }
    }
  },
  "no_positional_encoding": {
    "config": {
      "name": "no_positional_encoding",
      "use_positional_encoding": false,
      "description": "Without Positional Encoding"
    },
    "metrics": {
      "train_losses": [
        3.7405604332233295,
        2.4717274094943344,
        1.9598445042577284,
        1.6165488508816424,
        1.3647734346718623,
        1.1600170036184376,
        1.0048397769270272,
        0.8733149008915342,
        0.6746419977648505,
        0.588531089190779,
        0.5350627262838955,
        0.48959929203164987,
        0.4524704512234392,
        0.4211702381002492,
        0.39497515222944063,
        0.3733227678167409,
        0.3169343191179736,
        0.28837966854818936,
        0.27564288744433174,
        0.26377967395453616,
        0.25536085338428105,
        0.24903794285346723,
        0.24265025914948563,
        0.23702815891134327,
        0.21922264917965592
      ],
      "val_losses": [
        2.7577945250260996,
        2.204585438414203,
        1.929031763321314,
        1.7943561599099425,
        1.6911743811131463,
        1.6524711285352236,
        1.6338723613430528,
        1.6270374471149032,
        1.621667688885149,
        1.65212224550266,
        1.68058987529085,
        1.7157081438474637,
        1.7512011217647756,
        1.792612271431165,
        1.817852998391176,
        1.8534373973718528,
        1.886099188990847,
        1.9084407610770984,
        1.9380186859672592,
        1.9698419025428666,
        1.9916169657509708,
        2.0071628051396657,
        2.0241531770845373,
        2.053513724423019,
        2.05333385429909
      ],
      "val_ppls": [
        15.765036582946777,
        9.066493034362793,
        6.882842540740967,
        6.015600204467773,
        5.425848960876465,
        5.219862937927246,
        5.1236772537231445,
        5.088776588439941,
        5.061524391174316,
        5.218041896820068,
        5.368721961975098,
        5.560611724853516,
        5.761518955230713,
        6.005119323730469,
        6.158621311187744,
        6.381718635559082,
        6.593598365783691,
        6.74256706237793,
        6.944977283477783,
        7.169543266296387,
        7.327372074127197,
        7.442172527313232,
        7.569698333740234,
        7.795243740081787,
        7.793840408325195
      ],
      "best_val_loss": 1.621667688885149,
      "final_val_ppl": 7.793840408325195,
      "model_config": {
        "d_model": 256,
        "n_layers": 3,
        "n_heads": 4,
        "d_ff": 512,
        "max_seq_len": 64,
        "dropout": 0.1
      }
    }
  },
  "reduced_heads": {
    "config": {
      "name": "reduced_heads",
      "use_positional_encoding": true,
      "n_heads": 2,
      "description": "Reduced Heads(2 heads）"
    },
    "metrics": {
      "train_losses": [
        3.8391173327215786,
        2.6061691689326847,
        2.1043016404776735,
        1.780134602645348,
        1.5399853780022983,
        1.3546287604364855,
        1.20836489657698,
        1.087580436509231,
        0.9109213004276671,
        0.8437079594710778,
        0.7942796038923592,
        0.7515999411221208,
        0.720279414176941,
        0.6875859282592247,
        0.6583205626915241,
        0.6353242999438582,
        0.5769359895114241,
        0.5542966763726597,
        0.5380326990259104,
        0.5251734701353928,
        0.5144229665295831,
        0.5038158883061902,
        0.4936783270013743,
        0.48623972866452975,
        0.45907652239963925
      ],
      "val_losses": [
        2.8361139842979535,
        2.2965771187927126,
        2.0065782761432716,
        1.833109639335196,
        1.7162478445079434,
        1.6571339150152262,
        1.6110868247067904,
        1.589240384525096,
        1.5410132173015285,
        1.533307645447861,
        1.5395508188702887,
        1.5408821218817896,
        1.5533746685502092,
        1.557332800690239,
        1.5724090749225204,
        1.5863401950933995,
        1.5758178191777517,
        1.5818757728712094,
        1.5911593916853504,
        1.6006101950620995,
        1.61050591854419,
        1.6155485533163156,
        1.623986125697751,
        1.629957703208547,
        1.6297290358082548
      ],
      "val_ppls": [
        17.049381256103516,
        9.940101623535156,
        7.437823295593262,
        6.253301620483398,
        5.563613414764404,
        5.244258880615234,
        5.008251667022705,
        4.900025844573975,
        4.669319152832031,
        4.633477687835693,
        4.662495136260986,
        4.668706893920898,
        4.727396488189697,
        4.746145248413086,
        4.818241596221924,
        4.88583517074585,
        4.834693908691406,
        4.864071369171143,
        4.90943717956543,
        4.956055164337158,
        5.005342960357666,
        5.030646800994873,
        5.073272705078125,
        5.103658676147461,
        5.102491855621338
      ],
      "best_val_loss": 1.533307645447861,
      "final_val_ppl": 5.102491855621338,
      "model_config": {
        "d_model": 256,
        "n_layers": 3,
        "n_heads": 2,
        "d_ff": 512,
        "max_seq_len": 64,
        "dropout": 0.1
      }
    }
  },
  "reduced_layers": {
    "config": {
      "name": "reduced_layers",
      "use_positional_encoding": true,
      "n_layers": 2,